<version>
	2.3
</version>
 
<headers>
	/home/tajuddin/abi/abi_pct/2.3_public/usr/include/
</headers>

<libs>
	/home/tajuddin/abi/abi_pct/2.3_public/usr/lib/
	/home/tajuddin/abi/abi_pct/2.3_public/usr/etc/
</libs>

<tools>
   /* List of directories with tools used
	  for analysis (GCC toolchain), one per line 
	  Example: 
		/home/tajuddin/tizen-sdk/tools/i386-linux-gnueabi-gcc-4.6/i386-linux-gnueabi/bin/
	*/
	/home/tajuddin/tizen-sdk/tools/arm-linux-gnueabi-gcc-4.6/bin/
</tools>

<cross_prefix>
   /* GCC toolchain prefix.
	  Examples:
		i386-linux-gnueabi-gcc
		arm-linux-gnueabi
		arm-none-symbianelf 
	i386-linux-gnueabi
	arm-linux-gnueabi-gcc
	armv7l-tizen-linux-gnueabi
	*/
	arm-linux-gnueabi-
</cross_prefix>

<gcc_options>
   /* Additional GCC options,
	  one per line
	 */
</gcc_options>
